year,scope,THC,H,N,N_eff,N_hh,N_eff_count,G
1980,Global,0.09908,3.31157,27.42813,10.09318,10.0929,11.0,
1980,Europe,,2.564798,12.998,10.0,7.1984,,0.13892
1980,Asia,,3.086555,21.9015,11.0,14.9081,,0.067078
1980,North America,,0.919622,2.5083,3.0,1.7385,,0.575204
1980,South America,,1.575147,4.8315,2.0,3.5052,,0.285287
1980,Africa,,2.991425,19.914,10.0,13.517,,0.073981
1980,Oceania,,0.847026,2.3327,2.0,1.6824,,0.594406
1981,Global,0.0998,3.27063,26.32789,10.01956,10.02,12.0,
1981,Europe,,2.535952,12.6284,9.0,7.2793,,0.137376
1981,Asia,,2.842246,17.1543,10.0,11.2692,,0.088737
1981,North America,,0.904248,2.4701,3.0,1.7935,,0.557573
1981,South America,,1.720739,5.5887,3.0,3.8265,,0.261337
1981,Africa,,3.029575,20.6884,8.0,13.7683,,0.072631
1981,Oceania,,0.751786,2.1208,1.0,1.6825,,0.594337
1982,Global,0.09775,3.37958,29.35848,10.23043,10.2302,14.0,
1982,Europe,,2.661577,14.3189,10.0,8.5279,,0.117262
1982,Asia,,3.102983,22.2643,14.0,16.1469,,0.061931
1982,North America,,1.041618,2.8338,2.0,1.888,,0.529648
1982,South America,,1.882734,6.5714,6.0,5.1135,,0.19556
1982,Africa,,2.999968,20.0849,10.0,13.7933,,0.072499
1982,Oceania,,0.789853,2.2031,2.0,1.6616,,0.60182
1983,Global,0.09197,3.36975,29.07128,10.87285,10.8731,15.0,
1983,Europe,,2.578099,13.1721,11.0,7.5854,,0.131832
1983,Asia,,2.931475,18.7553,11.0,12.5967,,0.079386
1983,North America,,0.993284,2.7001,2.0,1.7877,,0.559392
1983,South America,,1.524965,4.595,2.0,3.2545,,0.307268
1983,Africa,,3.106683,22.3468,11.0,16.5216,,0.060527
1983,Oceania,,0.863881,2.3724,2.0,1.6903,,0.591598
1984,Global,0.10345,3.30624,27.28243,9.66657,9.6665,12.0,
1984,Europe,,2.522927,12.465,8.0,6.6133,,0.151211
1984,Asia,,3.070896,21.5612,12.0,14.9221,,0.067015
1984,North America,,0.894266,2.4455,3.0,1.6983,,0.588808
1984,South America,,1.79018,5.9905,4.0,4.6587,,0.214652
1984,Africa,,2.721495,15.203,9.0,9.4942,,0.105327
1984,Oceania,,0.720632,2.0557,1.0,1.4948,,0.669005
1985,Global,0.09948,3.31096,27.41149,10.05232,10.0523,12.0,
1985,Europe,,2.51567,12.3749,10.0,7.0081,,0.142691
1985,Asia,,3.037801,20.8593,15.0,15.2195,,0.065705
1985,North America,,0.854202,2.3495,3.0,1.6542,,0.604532
1985,South America,,1.884916,6.5858,4.0,5.0254,,0.19899
1985,Africa,,3.020207,20.4955,9.0,14.6827,,0.068107
1985,Oceania,,0.847363,2.3335,2.0,1.7824,,0.561034
1986,Global,0.09335,3.36912,29.05308,10.71189,10.7124,12.0,
1986,Europe,,2.621631,13.7581,10.0,7.9598,,0.125631
1986,Asia,,2.99825,20.0504,10.0,14.0057,,0.0714
1986,North America,,0.902043,2.4646,3.0,1.6272,,0.614564
1986,South America,,1.680234,5.3668,3.0,3.5085,,0.28502
1986,Africa,,3.067286,21.4835,7.0,14.563,,0.068667
1986,Oceania,,0.668923,1.9521,2.0,1.6776,,0.596105
1987,Global,0.10035,3.32439,27.78199,9.9653,9.9651,12.0,
1987,Europe,,2.568051,13.0404,12.0,7.6043,,0.131504
1987,Asia,,3.036332,20.8287,12.0,14.8937,,0.067143
1987,North America,,0.787112,2.197,2.0,1.5754,,0.634757
1987,South America,,1.830664,6.238,4.0,4.6364,,0.215683
1987,Africa,,3.080885,21.7777,8.0,13.9485,,0.071692
1987,Oceania,,0.929211,2.5325,2.0,1.8461,,0.541669
1988,Global,0.09124,3.33576,28.09971,10.96058,10.9601,11.0,
1988,Europe,,2.550208,12.8098,11.0,7.408,,0.134989
1988,Asia,,2.995378,19.9929,14.0,13.5657,,0.073716
1988,North America,,0.858666,2.36,2.0,1.6844,,0.593676
1988,South America,,1.592807,4.9175,3.0,3.3259,,0.30067
1988,Africa,,2.784679,16.1946,11.0,11.5764,,0.086383
1988,Oceania,,0.70104,2.0158,2.0,1.5889,,0.629363
1989,Global,0.0958,3.3202,27.66587,10.43797,10.4384,15.0,
1989,Europe,,2.533601,12.5988,11.0,7.2571,,0.137797
1989,Asia,,2.92902,18.7093,11.0,12.2149,,0.081867
1989,North America,,0.849713,2.339,2.0,1.6704,,0.598676
1989,South America,,1.793609,6.0111,4.0,3.8658,,0.258676
1989,Africa,,3.112184,22.4701,9.0,14.9846,,0.066735
1989,Oceania,,0.901087,2.4623,2.0,1.7507,,0.571199
1990,Global,0.08952,3.33273,28.0146,11.17064,11.1707,13.0,
1990,Europe,,2.490503,12.0673,10.0,7.1926,,0.139031
1990,Asia,,2.89307,18.0486,10.0,12.2912,,0.081359
1990,North America,,0.898962,2.4571,2.0,1.7368,,0.575775
1990,South America,,1.685535,5.3953,2.0,3.5391,,0.282555
1990,Africa,,3.158138,23.5268,12.0,14.6522,,0.068249
1990,Oceania,,0.6176,1.8545,1.0,1.4784,,0.676418
1991,Global,0.08503,3.41438,30.3981,11.76038,11.7606,13.0,
1991,Europe,,2.572495,13.0985,10.0,7.9633,,0.125577
1991,Asia,,3.011662,20.3211,14.0,14.8141,,0.067503
1991,North America,,0.844069,2.3258,2.0,1.6658,,0.600314
1991,South America,,1.814968,6.1409,3.0,4.3175,,0.231615
1991,Africa,,3.179187,24.0272,11.0,16.3983,,0.060982
1991,Oceania,,1.010753,2.7477,2.0,1.7364,,0.575894
1992,Global,0.08098,3.42472,30.71399,12.34831,12.3487,14.0,
1992,Europe,,2.566758,13.0235,9.0,7.6714,,0.130354
1992,Asia,,3.01116,20.3109,14.0,13.5996,,0.073532
1992,North America,,0.789619,2.2026,3.0,1.582,,0.632117
1992,South America,,1.657894,5.2482,4.0,3.3635,,0.297312
1992,Africa,,3.137364,23.043,14.0,14.4252,,0.069323
1992,Oceania,,0.703569,2.021,2.0,1.6575,,0.603316
1993,Global,0.081,3.42077,30.59289,12.34587,12.3457,16.0,
1993,Europe,,2.570089,13.067,10.0,7.5927,,0.131706
1993,Asia,,2.91797,18.5037,14.0,12.4232,,0.080494
1993,North America,,0.808069,2.2436,3.0,1.5573,,0.642153
1993,South America,,1.563849,4.7772,2.0,3.0963,,0.322962
1993,Africa,,3.20132,24.5649,13.0,17.1527,,0.0583
1993,Oceania,,0.73436,2.0841,2.0,1.5652,,0.638884
1994,Global,0.07606,3.45688,31.71801,13.14754,13.1475,14.0,
1994,Europe,,2.61413,13.6553,10.0,7.9123,,0.126386
1994,Asia,,2.870185,17.6403,13.0,11.6253,,0.086019
1994,North America,,0.842811,2.3229,3.0,1.5815,,0.632326
1994,South America,,1.601732,4.9616,3.0,3.2038,,0.312129
1994,Africa,,3.11874,22.6179,13.0,13.9783,,0.071539
1994,Oceania,,0.676319,1.9666,2.0,1.6954,,0.589826
1995,Global,0.0733,3.48868,32.74268,13.64188,13.6426,13.0,
1995,Europe,,2.594073,13.3842,10.0,7.7227,,0.129489
1995,Asia,,2.925358,18.6409,14.0,12.8754,,0.077668
1995,North America,,0.864488,2.3738,3.0,1.6073,,0.622145
1995,South America,,1.724474,5.6096,3.0,3.8975,,0.256578
1995,Africa,,2.953574,19.1744,11.0,10.6122,,0.094231
1995,Oceania,,0.853886,2.3488,2.0,1.7302,,0.577975
1996,Global,0.06782,3.57534,35.70668,14.74387,14.7449,14.0,
1996,Europe,,2.669352,14.4306,13.0,8.3416,,0.119882
1996,Asia,,3.085426,21.8768,15.0,15.5362,,0.064366
1996,North America,,0.891931,2.4398,3.0,1.6095,,0.621323
1996,South America,,1.703739,5.4945,4.0,3.7244,,0.268497
1996,Africa,,3.104235,22.2921,12.0,12.6581,,0.079001
1996,Oceania,,0.748773,2.1144,2.0,1.6278,,0.614345
1997,Global,0.07036,3.53686,34.35876,14.21341,14.2126,15.0,
1997,Europe,,2.624989,13.8044,11.0,7.8808,,0.126891
1997,Asia,,3.046438,21.0403,15.0,14.8435,,0.06737
1997,North America,,0.933698,2.5439,3.0,1.6709,,0.598464
1997,South America,,1.692672,5.434,3.0,3.4867,,0.286805
1997,Africa,,3.006825,20.2231,13.0,10.0408,,0.099594
1997,Oceania,,0.752664,2.1226,2.0,1.6356,,0.611392
1998,Global,0.06848,3.55019,34.81986,14.60255,14.6028,15.0,
1998,Europe,,2.640848,14.0251,11.0,8.1838,,0.122193
1998,Asia,,3.0672,21.4817,16.0,15.1055,,0.066201
1998,North America,,0.898165,2.4551,3.0,1.6579,,0.603176
1998,South America,,1.695622,5.45,4.0,3.7965,,0.263404
1998,Africa,,3.03834,20.8706,11.0,11.0518,,0.090483
1998,Oceania,,0.869917,2.3867,2.0,1.6926,,0.590812
1999,Global,0.07157,3.53062,34.14507,13.97164,13.9723,15.0,
1999,Europe,,2.628548,13.8536,11.0,8.2983,,0.120507
1999,Asia,,3.058868,21.3034,16.0,14.7617,,0.067743
1999,North America,,0.914387,2.4952,3.0,1.6684,,0.59936
1999,South America,,1.830501,6.237,4.0,4.3587,,0.229426
1999,Africa,,3.185822,24.1872,13.0,14.0862,,0.070991
1999,Oceania,,0.82264,2.2765,2.0,1.6732,,0.597662
2000,Global,0.06746,3.56481,35.33283,14.82348,14.8236,14.0,
2000,Europe,,2.649847,14.1519,12.0,8.7062,,0.114861
2000,Asia,,3.067265,21.4831,16.0,15.2675,,0.065498
2000,North America,,0.966588,2.629,3.0,1.7053,,0.58642
2000,South America,,1.889014,6.6128,5.0,4.7063,,0.212482
2000,Africa,,3.067163,21.4809,12.0,10.7842,,0.092728
2000,Oceania,,0.709731,2.0334,2.0,1.5367,,0.650731
2001,Global,0.06856,3.54153,34.51954,14.58542,14.5858,14.0,
2001,Europe,,2.670177,14.4425,10.0,8.911,,0.11222
2001,Asia,,3.054989,21.2209,15.0,14.6061,,0.068465
2001,North America,,0.954789,2.5981,3.0,1.7429,,0.573756
2001,South America,,1.905378,6.7219,5.0,4.7925,,0.208659
2001,Africa,,3.115979,22.5555,13.0,11.6543,,0.085805
2001,Oceania,,0.705038,2.0239,2.0,1.5843,,0.631203
2002,Global,0.06405,3.57091,35.54877,15.61214,15.6128,14.0,
2002,Europe,,2.701485,14.9018,12.0,9.3699,,0.106725
2002,Asia,,3.070202,21.5463,16.0,14.9339,,0.066962
2002,North America,,0.908222,2.4799,3.0,1.7028,,0.587276
2002,South America,,1.663468,5.2776,3.0,3.3891,,0.295062
2002,Africa,,3.10174,22.2366,14.0,10.6977,,0.093478
2002,Oceania,,0.79725,2.2194,2.0,1.6475,,0.606967
2003,Global,0.0585,3.64655,38.3423,17.09378,17.094,16.0,
2003,Europe,,2.71694,15.1339,12.0,9.3903,,0.106493
2003,Asia,,3.098637,22.1677,14.0,14.9808,,0.066752
2003,North America,,0.966513,2.6288,3.0,1.8032,,0.554558
2003,South America,,1.91601,6.7938,5.0,5.0886,,0.19652
2003,Africa,,3.068231,21.5038,15.0,11.0964,,0.090119
2003,Oceania,,0.764113,2.1471,2.0,1.6467,,0.607258
2004,Global,0.05779,3.67566,39.47469,17.30306,17.304,15.0,
2004,Europe,,2.685302,14.6626,10.0,8.8164,,0.113424
2004,Asia,,3.086982,21.9108,15.0,14.9005,,0.067112
2004,North America,,1.00756,2.7389,3.0,1.7996,,0.555675
2004,South America,,1.885727,6.5911,4.0,4.9414,,0.202371
2004,Africa,,3.134007,22.9658,14.0,12.3089,,0.081242
2004,Oceania,,0.792792,2.2096,2.0,1.6622,,0.601611
2005,Global,0.05475,3.70484,40.64357,18.2634,18.2648,16.0,
2005,Europe,,2.730667,15.3431,12.0,9.417,,0.106191
2005,Asia,,3.09734,22.139,15.0,15.2307,,0.065657
2005,North America,,0.968792,2.6348,3.0,1.7725,,0.564166
2005,South America,,1.860532,6.4272,5.0,4.7754,,0.209409
2005,Africa,,3.082774,21.8188,12.0,11.4657,,0.087216
2005,Oceania,,0.769007,2.1576,2.0,1.5902,,0.628859
2006,Global,0.05337,3.72635,41.52724,18.73584,18.7371,16.0,
2006,Europe,,2.706738,14.9803,12.0,9.1448,,0.109352
2006,Asia,,3.164108,23.6676,16.0,17.1,,0.05848
2006,North America,,1.016729,2.7641,3.0,1.8051,,0.553992
2006,South America,,1.858413,6.4135,5.0,4.7138,,0.212145
2006,Africa,,3.15351,23.4181,13.0,12.213,,0.08188
2006,Oceania,,0.749869,2.1167,2.0,1.5798,,0.632985
2007,Global,0.05222,3.73676,41.96182,19.14835,19.1498,15.0,
2007,Europe,,2.736525,15.4333,13.0,9.351,,0.10694
2007,Asia,,3.111317,22.4506,16.0,16.0404,,0.062342
2007,North America,,1.057958,2.8805,3.0,1.838,,0.544062
2007,South America,,1.9551,7.0646,5.0,5.4826,,0.182394
2007,Africa,,3.210967,24.8031,14.0,12.8654,,0.077728
2007,Oceania,,0.749113,2.1151,2.0,1.579,,0.633293
2008,Global,0.04956,3.76293,43.07439,20.17921,20.1776,15.0,
2008,Europe,,2.766572,15.904,13.0,10.2099,,0.097945
2008,Asia,,3.106569,22.3443,16.0,15.6162,,0.064036
2008,North America,,1.010302,2.7464,3.0,1.7913,,0.558256
2008,South America,,1.900412,6.6886,5.0,5.0274,,0.19891
2008,Africa,,3.216682,24.9452,14.0,13.8937,,0.071975
2008,Oceania,,0.732816,2.0809,2.0,1.5285,,0.654245
2009,Global,0.04722,3.78692,44.12034,21.17787,21.1775,16.0,
2009,Europe,,2.75092,15.657,12.0,10.1667,,0.09836
2009,Asia,,3.095732,22.1034,13.0,15.4116,,0.064886
2009,North America,,1.030196,2.8016,3.0,1.8149,,0.551004
2009,South America,,1.846588,6.3382,5.0,4.5443,,0.220058
2009,Africa,,3.178955,24.0216,12.0,13.1628,,0.075972
2009,Oceania,,0.726996,2.0689,2.0,1.5548,,0.643173
2010,Global,0.04628,3.80137,44.76226,21.60869,21.6076,17.0,
2010,Europe,,2.733085,15.3803,12.0,9.9904,,0.100096
2010,Asia,,3.083167,21.8274,14.0,15.1369,,0.066064
2010,North America,,0.993865,2.7017,3.0,1.7641,,0.566863
2010,South America,,1.82127,6.1797,4.0,4.4843,,0.222998
2010,Africa,,3.181407,24.0806,14.0,13.2706,,0.075355
2010,Oceania,,0.69881,2.0114,2.0,1.4736,,0.678592
2011,Global,0.0468,3.79637,44.53912,21.36713,21.3675,17.0,
2011,Europe,,2.737985,15.4558,12.0,10.1197,,0.098817
2011,Asia,,3.087744,21.9276,14.0,14.9832,,0.066741
2011,North America,,0.984879,2.6775,3.0,1.7434,,0.573584
2011,South America,,1.806101,6.0867,5.0,4.361,,0.229307
2011,Africa,,3.205452,24.6666,14.0,13.6743,,0.07313
2011,Oceania,,0.708454,2.0309,2.0,1.493,,0.669777
2012,Global,0.04643,3.81959,45.58562,21.53618,21.5378,17.0,
2012,Europe,,2.75633,15.742,12.0,10.1369,,0.09865
2012,Asia,,3.089766,21.9719,14.0,14.9633,,0.06683
2012,North America,,0.973733,2.6478,3.0,1.7247,,0.579813
2012,South America,,1.826481,6.212,5.0,4.6491,,0.215094
2012,Africa,,3.177464,23.9858,14.0,13.8261,,0.072327
2012,Oceania,,0.692936,1.9996,2.0,1.4658,,0.68223
2013,Global,0.04657,3.81621,45.43186,21.47198,21.4731,17.0,
2013,Europe,,2.736137,15.4273,12.0,9.4662,,0.105639
2013,Asia,,3.083192,21.828,16.0,14.6067,,0.068462
2013,North America,,0.961843,2.6165,3.0,1.7142,,0.583365
2013,South America,,1.764781,5.8403,4.0,4.2022,,0.237973
2013,Africa,,3.118706,22.6171,13.0,12.5814,,0.079483
2013,Oceania,,0.746792,2.1102,2.0,1.491,,0.670672
2014,Global,0.04607,3.82305,45.74355,21.7084,21.7061,16.0,
2014,Europe,,2.742812,15.5306,12.0,9.7285,,0.102791
2014,Asia,,3.079206,21.7411,15.0,13.909,,0.071896
2014,North America,,0.993705,2.7012,3.0,1.7457,,0.572848
2014,South America,,1.810003,6.1105,6.0,4.4246,,0.226011
2014,Africa,,3.135498,23.0001,13.0,12.7541,,0.078406
2014,Oceania,,0.756851,2.1316,2.0,1.5278,,0.654541
2015,Global,0.04614,3.81,45.15025,21.67272,21.6732,16.0,
2015,Europe,,2.757329,15.7577,13.0,10.1147,,0.098866
2015,Asia,,3.034328,20.787,13.0,12.8177,,0.078017
2015,North America,,0.986428,2.6816,3.0,1.7341,,0.576679
2015,South America,,1.791184,5.9965,5.0,4.3922,,0.227677
2015,Africa,,3.145522,23.2318,13.0,12.4975,,0.080016
2015,Oceania,,0.752935,2.1232,2.0,1.5441,,0.647607
2016,Global,0.04623,3.80363,44.86357,21.63155,21.631,17.0,
2016,Europe,,2.772357,15.9963,13.0,10.3753,,0.096383
2016,Asia,,2.980246,19.6927,14.0,11.591,,0.086274
2016,North America,,0.996666,2.7092,3.0,1.748,,0.57207
2016,South America,,1.813103,6.1294,6.0,4.576,,0.218529
2016,Africa,,3.148199,23.2941,11.0,12.8385,,0.077891
2016,Oceania,,0.761701,2.1419,2.0,1.5487,,0.645711
2017,Global,0.0446,3.80531,44.93921,22.42189,22.4215,17.0,
2017,Europe,,2.810277,16.6145,13.0,11.0397,,0.090582
2017,Asia,,2.94838,19.075,14.0,10.7976,,0.092613
2017,North America,,1.026079,2.7901,3.0,1.8112,,0.552117
2017,South America,,1.826623,6.2129,6.0,4.631,,0.215937
2017,Africa,,3.191218,24.318,11.0,13.3758,,0.074762
2017,Oceania,,0.755396,2.1285,2.0,1.5346,,0.651628
2018,Global,0.04277,3.82941,46.03533,23.37912,23.3809,17.0,
2018,Europe,,2.835776,17.0436,13.0,11.4737,,0.087156
2018,Asia,,2.932841,18.7809,14.0,10.2392,,0.097664
2018,North America,,1.049781,2.857,3.0,1.8437,,0.542402
2018,South America,,1.823119,6.1911,5.0,4.5928,,0.21773
2018,Africa,,3.244803,25.6567,11.0,14.6268,,0.068368
2018,Oceania,,0.791724,2.2072,2.0,1.5596,,0.64119
2019,Global,0.04265,3.82895,46.01411,23.44548,23.4467,17.0,
2019,Europe,,2.852902,17.338,13.0,11.8138,,0.084647
2019,Asia,,2.938778,18.8928,15.0,10.349,,0.096628
2019,North America,,1.004067,2.7294,3.0,1.7973,,0.556387
2019,South America,,1.835894,6.2707,6.0,4.7043,,0.212571
2019,Africa,,3.245129,25.665,12.0,14.944,,0.066916
2019,Oceania,,0.788527,2.2002,2.0,1.5426,,0.648265
2020,Global,0.03844,3.8785,48.35144,26.01169,26.0146,18.0,
2020,Europe,,2.887445,17.9474,14.0,12.5194,,0.079876
2020,Asia,,2.919172,18.5259,13.0,9.9941,,0.100059
2020,North America,,1.084072,2.9567,3.0,1.9031,,0.525466
2020,South America,,1.900828,6.6914,6.0,5.2093,,0.191964
2020,Africa,,3.30396,27.2202,14.0,16.46,,0.060753
2020,Oceania,,0.814893,2.2589,2.0,1.5651,,0.638931
2021,Global,0.04247,3.82504,45.83482,23.54395,23.546,17.0,
2021,Europe,,2.873183,17.6933,15.0,12.3976,,0.080661
2021,Asia,,2.867602,17.5948,13.0,9.1975,,0.108726
2021,North America,,1.028371,2.7965,3.0,1.8449,,0.542024
2021,South America,,1.907795,6.7382,6.0,5.3097,,0.188335
2021,Africa,,3.315548,27.5375,14.0,16.8898,,0.059207
2021,Oceania,,0.923019,2.5169,2.0,1.6029,,0.623883
2022,Global,0.04559,3.78883,44.20461,21.935,21.9346,17.0,
2022,Europe,,2.843367,17.1735,14.0,11.8801,,0.084174
2022,Asia,,2.912388,18.4007,15.0,10.3485,,0.096633
2022,North America,,0.96749,2.6313,3.0,1.7246,,0.579852
2022,South America,,1.919442,6.8172,6.0,5.4944,,0.182003
2022,Africa,,3.34194,28.2739,13.0,17.2855,,0.057852
2022,Oceania,,0.786381,2.1954,2.0,1.4956,,0.668619
2023,Global,0.04608,3.77663,43.66854,21.70026,21.7014,17.0,
2023,Europe,,2.831378,16.9688,13.0,11.6927,,0.085524
2023,Asia,,2.934993,18.8214,14.0,10.542,,0.094858
2023,North America,,0.961292,2.6151,3.0,1.7201,,0.58137
2023,South America,,1.914039,6.7804,6.0,5.2622,,0.190035
2023,Africa,,3.303104,27.1969,13.0,15.9478,,0.062705
2023,Oceania,,0.768779,2.1571,2.0,1.535,,0.651466
2024,Global,0.04498,3.78831,44.18171,22.23094,22.2321,16.0,
2024,Europe,,2.863733,17.5268,14.0,12.4089,,0.080587
2024,Asia,,2.925838,18.6499,12.0,10.5985,,0.094353
2024,North America,,0.963217,2.6201,3.0,1.7178,,0.58214
2024,South America,,1.882715,6.5713,6.0,4.9183,,0.203323
2024,Africa,,3.255785,25.94,13.0,14.7631,,0.067737
2024,Oceania,,0.714788,2.0438,2.0,1.465,,0.682577
2025,Global,0.04388,3.78145,43.87981,22.78946,22.7894,19.0,
2025,Europe,,2.85788,17.4246,14.0,12.3794,,0.080779
2025,Asia,,2.851126,17.3073,12.0,10.2958,,0.097127
2025,North America,,0.949772,2.5851,3.0,1.7452,,0.573
2025,South America,,1.892753,6.6376,6.0,4.9547,,0.20183
2025,Africa,,3.144382,23.2053,12.0,11.796,,0.084775
2025,Oceania,,0.671362,1.9569,2.0,1.4393,,0.694806
